case_id,customer_type,case_description,category,priority,assigned_team,status,submission_date,sla_days,resolution_notes
CASE-0001,Small Business,Direct debit was declined and the customer needs the payment issue reviewed.,Payment Issue,Medium,Payments Team,Escalated,2026-06-27,7,
CASE-0002,Public Body,Possible duplicate claim submitted with suspicious supporting details.,Compliance/Fraud,High,Compliance Team,New,2026-03-28,3,Closed after synthetic validation and customer notification.
CASE-0003,Individual,"Payment failed during online checkout, but the balance still appears due.",Payment Issue,Medium,Payments Team,In Progress,2026-04-16,7,
CASE-0004,Public Body,Case is overdue and may involve a duplicate refund request.,Compliance/Fraud,High,Compliance Team,In Progress,2026-06-01,3,
CASE-0005,Charity,Case is overdue and may involve a duplicate refund request.,Compliance/Fraud,High,Compliance Team,Escalated,2026-03-31,3,Routed to specialist team for review.
CASE-0006,Individual,Missing document: customer needs to upload proof for a recent application.,Missing Documents,Low,Customer Support,In Progress,2026-05-04,14,Escalated due to SLA risk and case complexity.
CASE-0007,Small Business,Urgent compliance case: legal review requested for a suspicious claim.,Compliance/Fraud,High,Compliance Team,In Progress,2026-04-02,3,
CASE-0008,Charity,Case is overdue and may involve a duplicate refund request.,Compliance/Fraud,High,Compliance Team,In Progress,2026-03-25,3,
CASE-0009,Public Body,Direct debit was declined and the customer needs the payment issue reviewed.,Payment Issue,Medium,Payments Team,Closed,2026-05-16,7,Closed after synthetic review; no real customer data used.
CASE-0010,Public Body,Supporting evidence is incomplete and a required form is missing.,Missing Documents,Low,Customer Support,New,2026-03-19,14,Initial checks completed; awaiting customer response.
CASE-0011,Agent,Direct debit was declined and the customer needs the payment issue reviewed.,Payment Issue,Medium,Payments Team,In Progress,2026-03-04,7,Routed to specialist team for review.
CASE-0012,Public Body,Customer provided documents but one attachment cannot be opened.,Missing Documents,Low,Customer Support,Closed,2026-03-09,14,Closed after synthetic review; no real customer data used.
CASE-0013,Small Business,Case is overdue and may involve a duplicate refund request.,Compliance/Fraud,High,Compliance Team,New,2026-04-01,3,Closed after synthetic validation and customer notification.
CASE-0014,Individual,General query about how to update account contact details.,General Query,Low,Customer Support,Closed,2026-06-20,14,Closed after synthetic review; no real customer data used.
CASE-0015,Agent,Failed card payment caused an incorrect charge to appear twice.,Payment Issue,Medium,Payments Team,In Progress,2026-05-26,7,Escalated due to SLA risk and case complexity.
CASE-0016,Agent,Urgent compliance case: legal review requested for a suspicious claim.,Compliance/Fraud,High,Compliance Team,In Progress,2026-05-14,3,Closed after synthetic validation and customer notification.
CASE-0017,Small Business,"Payment failed during online checkout, but the balance still appears due.",Payment Issue,Medium,Payments Team,Escalated,2026-04-14,7,Routed to specialist team for review.
CASE-0018,Public Body,Urgent compliance case: legal review requested for a suspicious claim.,Compliance/Fraud,High,Compliance Team,In Progress,2026-05-02,3,Closed after synthetic validation and customer notification.
CASE-0019,Individual,Missing document: customer needs to upload proof for a recent application.,Missing Documents,Low,Customer Support,In Progress,2026-04-04,14,Escalated due to SLA risk and case complexity.
CASE-0020,Charity,Missing document: customer needs to upload proof for a recent application.,Missing Documents,Low,Customer Support,New,2026-03-17,14,
CASE-0021,Agent,Supporting evidence is incomplete and a required form is missing.,Missing Documents,Low,Customer Support,New,2026-06-22,14,Routed to specialist team for review.
CASE-0022,Charity,Case is overdue and may involve a duplicate refund request.,Compliance/Fraud,High,Compliance Team,In Progress,2026-04-08,3,Closed after synthetic validation and customer notification.
CASE-0023,Public Body,Possible duplicate claim submitted with suspicious supporting details.,Compliance/Fraud,High,Compliance Team,New,2026-05-28,3,Closed after synthetic validation and customer notification.
CASE-0024,Public Body,General question about service hours and expected response times.,General Query,Low,Customer Support,Escalated,2026-05-28,14,Initial checks completed; awaiting customer response.
CASE-0025,Public Body,Failed card payment caused an incorrect charge to appear twice.,Payment Issue,Medium,Payments Team,New,2026-05-15,7,
CASE-0026,Individual,Customer cannot find the upload link for requested evidence.,Missing Documents,Low,Customer Support,Closed,2026-06-19,14,Closed after synthetic review; no real customer data used.
CASE-0027,Charity,Possible duplicate claim submitted with suspicious supporting details.,Compliance/Fraud,High,Compliance Team,New,2026-04-11,3,Closed after synthetic validation and customer notification.
CASE-0028,Charity,Customer provided documents but one attachment cannot be opened.,Missing Documents,Low,Customer Support,In Progress,2026-06-22,14,Routed to specialist team for review.
CASE-0029,Individual,Urgent legal concern about suspicious changes to a submitted case.,Compliance/Fraud,High,Compliance Team,Closed,2026-05-29,3,Closed after synthetic review; no real customer data used.
CASE-0030,Agent,Direct debit was declined and the customer needs the payment issue reviewed.,Payment Issue,Medium,Payments Team,Closed,2026-04-04,7,Closed after synthetic review; no real customer data used.
CASE-0031,Charity,Customer asks for guidance about a deadline and available support options.,General Query,Low,Customer Support,In Progress,2026-06-16,14,
CASE-0032,Agent,Customer reports a refund delay after an overpayment adjustment.,Refund,Medium,Refunds Team,Closed,2026-03-30,7,Closed after synthetic review; no real customer data used.
CASE-0033,Agent,Urgent legal concern about suspicious changes to a submitted case.,Compliance/Fraud,High,Compliance Team,New,2026-03-25,3,
CASE-0034,Small Business,Urgent legal concern about suspicious changes to a submitted case.,Compliance/Fraud,High,Compliance Team,New,2026-04-14,3,
CASE-0035,Individual,General question about service hours and expected response times.,General Query,Low,Customer Support,Closed,2026-03-23,14,Closed after synthetic review; no real customer data used.
CASE-0036,Agent,Customer provided documents but one attachment cannot be opened.,Missing Documents,Low,Customer Support,In Progress,2026-05-20,14,
CASE-0037,Individual,General query about how to update account contact details.,General Query,Low,Customer Support,New,2026-05-31,14,Routed to specialist team for review.
CASE-0038,Public Body,"Payment failed during online checkout, but the balance still appears due.",Payment Issue,Medium,Payments Team,In Progress,2026-03-29,7,
CASE-0039,Small Business,Possible duplicate claim submitted with suspicious supporting details.,Compliance/Fraud,High,Compliance Team,Escalated,2026-06-14,3,Routed to specialist team for review.
CASE-0040,Charity,Supporting evidence is incomplete and a required form is missing.,Missing Documents,Low,Customer Support,Closed,2026-04-24,14,Closed after synthetic review; no real customer data used.
CASE-0041,Small Business,Case is overdue and may involve a duplicate refund request.,Compliance/Fraud,High,Compliance Team,In Progress,2026-03-04,3,Closed after synthetic validation and customer notification.
CASE-0042,Agent,General query about how to update account contact details.,General Query,Low,Customer Support,Closed,2026-05-10,14,Closed after synthetic review; no real customer data used.
CASE-0043,Small Business,Compliance review requested because the claim may contain a false declaration.,Compliance/Fraud,High,Compliance Team,In Progress,2026-03-07,3,
CASE-0044,Public Body,Missing document: customer needs to upload proof for a recent application.,Missing Documents,Low,Customer Support,In Progress,2026-06-22,14,Routed to specialist team for review.
CASE-0045,Individual,Missing document: customer needs to upload proof for a recent application.,Missing Documents,Low,Customer Support,New,2026-04-16,14,
CASE-0046,Agent,Missing document: customer needs to upload proof for a recent application.,Missing Documents,Low,Customer Support,Closed,2026-06-22,14,Closed after synthetic review; no real customer data used.
CASE-0047,Charity,"Payment failed during online checkout, but the balance still appears due.",Payment Issue,Medium,Payments Team,New,2026-04-26,7,Closed after synthetic validation and customer notification.
CASE-0048,Public Body,Case is overdue and may involve a duplicate refund request.,Compliance/Fraud,High,Compliance Team,New,2026-04-22,3,Routed to specialist team for review.
CASE-0049,Charity,Customer cannot find the upload link for requested evidence.,Missing Documents,Low,Customer Support,Closed,2026-05-30,14,Closed after synthetic review; no real customer data used.
CASE-0050,Agent,Case is overdue and may involve a duplicate refund request.,Compliance/Fraud,High,Compliance Team,New,2026-06-18,3,Initial checks completed; awaiting customer response.
CASE-0051,Individual,Refund delay after a repayment calculation was corrected.,Refund,Medium,Refunds Team,In Progress,2026-05-09,7,Closed after synthetic validation and customer notification.
CASE-0052,Individual,Direct debit was declined and the customer needs the payment issue reviewed.,Payment Issue,Medium,Payments Team,In Progress,2026-06-23,7,
CASE-0053,Small Business,Missing document: customer needs to upload proof for a recent application.,Missing Documents,Low,Customer Support,New,2026-06-06,14,Initial checks completed; awaiting customer response.
CASE-0054,Individual,Refund delay after a repayment calculation was corrected.,Refund,Medium,Refunds Team,New,2026-06-07,7,
CASE-0055,Public Body,Compliance review requested because the claim may contain a false declaration.,Compliance/Fraud,High,Compliance Team,Closed,2026-03-19,3,Closed after synthetic review; no real customer data used.
CASE-0056,Individual,Direct debit was declined and the customer needs the payment issue reviewed.,Payment Issue,Medium,Payments Team,Escalated,2026-06-24,7,Routed to specialist team for review.
CASE-0057,Small Business,"Payment failed during online checkout, but the balance still appears due.",Payment Issue,Medium,Payments Team,Closed,2026-03-04,7,Closed after synthetic review; no real customer data used.
CASE-0058,Charity,Urgent compliance case: legal review requested for a suspicious claim.,Compliance/Fraud,High,Compliance Team,In Progress,2026-05-09,3,
CASE-0059,Agent,A refund appears to have been approved but has not reached the account.,Refund,Medium,Refunds Team,In Progress,2026-06-09,7,Initial checks completed; awaiting customer response.
CASE-0060,Public Body,Compliance review requested because the claim may contain a false declaration.,Compliance/Fraud,High,Compliance Team,In Progress,2026-05-25,3,Closed after synthetic validation and customer notification.
CASE-0061,Individual,Customer cannot find the upload link for requested evidence.,Missing Documents,Low,Customer Support,New,2026-06-11,14,
CASE-0062,Agent,Payment issue: bank transfer reference was entered incorrectly.,Payment Issue,Medium,Payments Team,In Progress,2026-03-28,7,Closed after synthetic validation and customer notification.
CASE-0063,Public Body,A refund appears to have been approved but has not reached the account.,Refund,Medium,Refunds Team,In Progress,2026-06-24,7,Routed to specialist team for review.
CASE-0064,Individual,Urgent compliance case: legal review requested for a suspicious claim.,Compliance/Fraud,High,Compliance Team,Closed,2026-06-23,3,Closed after synthetic review; no real customer data used.
CASE-0065,Small Business,Urgent compliance case: legal review requested for a suspicious claim.,Compliance/Fraud,High,Compliance Team,In Progress,2026-06-22,3,Closed after synthetic validation and customer notification.
CASE-0066,Public Body,Failed card payment caused an incorrect charge to appear twice.,Payment Issue,Medium,Payments Team,Closed,2026-06-15,7,Closed after synthetic review; no real customer data used.
CASE-0067,Individual,Missing document: customer needs to upload proof for a recent application.,Missing Documents,Low,Customer Support,In Progress,2026-04-17,14,Routed to specialist team for review.
CASE-0068,Agent,Refund delay after a repayment calculation was corrected.,Refund,Medium,Refunds Team,In Progress,2026-04-07,7,Routed to specialist team for review.
CASE-0069,Small Business,Supporting evidence is incomplete and a required form is missing.,Missing Documents,Low,Customer Support,Escalated,2026-06-04,14,
CASE-0070,Agent,Supporting evidence is incomplete and a required form is missing.,Missing Documents,Low,Customer Support,New,2026-05-11,14,Closed after synthetic validation and customer notification.
CASE-0071,Individual,Compliance review requested because the claim may contain a false declaration.,Compliance/Fraud,High,Compliance Team,Closed,2026-05-21,3,Closed after synthetic review; no real customer data used.
CASE-0072,Individual,Customer reports a refund delay after an overpayment adjustment.,Refund,Medium,Refunds Team,In Progress,2026-05-03,7,Routed to specialist team for review.
CASE-0073,Small Business,"Payment failed during online checkout, but the balance still appears due.",Payment Issue,Medium,Payments Team,New,2026-04-23,7,
CASE-0074,Agent,Agent asks whether a letter was received and how to provide an attachment.,Missing Documents,Low,Customer Support,New,2026-03-10,14,
CASE-0075,Agent,General query about how to update account contact details.,General Query,Low,Customer Support,In Progress,2026-06-10,14,Routed to specialist team for review.
CASE-0076,Public Body,Customer provided documents but one attachment cannot be opened.,Missing Documents,Low,Customer Support,Escalated,2026-03-19,14,
CASE-0077,Agent,General query about how to update account contact details.,General Query,Low,Customer Support,Escalated,2026-03-03,14,
CASE-0078,Small Business,Direct debit was declined and the customer needs the payment issue reviewed.,Payment Issue,Medium,Payments Team,New,2026-03-09,7,Routed to specialist team for review.
CASE-0079,Agent,Supporting evidence is incomplete and a required form is missing.,Missing Documents,Low,Customer Support,In Progress,2026-05-25,14,Closed after synthetic validation and customer notification.
CASE-0080,Public Body,Case is overdue and may involve a duplicate refund request.,Compliance/Fraud,High,Compliance Team,Escalated,2026-04-04,3,
CASE-0081,Individual,Customer cannot find the upload link for requested evidence.,Missing Documents,Low,Customer Support,Closed,2026-05-29,14,Closed after synthetic review; no real customer data used.
CASE-0082,Individual,"Payment failed during online checkout, but the balance still appears due.",Payment Issue,Medium,Payments Team,In Progress,2026-04-10,7,
CASE-0083,Agent,Customer reports a refund delay after an overpayment adjustment.,Refund,Medium,Refunds Team,Closed,2026-05-19,7,Closed after synthetic review; no real customer data used.
CASE-0084,Charity,Urgent compliance case: legal review requested for a suspicious claim.,Compliance/Fraud,High,Compliance Team,In Progress,2026-03-28,3,Closed after synthetic validation and customer notification.
CASE-0085,Small Business,General question about service hours and expected response times.,General Query,Low,Customer Support,New,2026-06-29,14,Closed after synthetic validation and customer notification.
CASE-0086,Public Body,General question about service hours and expected response times.,General Query,Low,Customer Support,Closed,2026-06-26,14,Closed after synthetic review; no real customer data used.
CASE-0087,Agent,General question about service hours and expected response times.,General Query,Low,Customer Support,In Progress,2026-06-12,14,
CASE-0088,Individual,Agent asks whether a letter was received and how to provide an attachment.,Missing Documents,Low,Customer Support,Closed,2026-03-07,14,Closed after synthetic review; no real customer data used.
CASE-0089,Individual,Agent asks whether a letter was received and how to provide an attachment.,Missing Documents,Low,Customer Support,Escalated,2026-06-04,14,Closed after synthetic validation and customer notification.
CASE-0090,Charity,Agent asks whether a letter was received and how to provide an attachment.,Missing Documents,Low,Customer Support,In Progress,2026-03-23,14,Escalated due to SLA risk and case complexity.
CASE-0091,Small Business,Customer provided documents but one attachment cannot be opened.,Missing Documents,Low,Customer Support,New,2026-03-27,14,
CASE-0092,Agent,Urgent compliance case: legal review requested for a suspicious claim.,Compliance/Fraud,High,Compliance Team,In Progress,2026-03-10,3,
CASE-0093,Small Business,Refund delay after a repayment calculation was corrected.,Refund,Medium,Refunds Team,Escalated,2026-03-20,7,Closed after synthetic validation and customer notification.
CASE-0094,Individual,Supporting evidence is incomplete and a required form is missing.,Missing Documents,Low,Customer Support,Closed,2026-06-10,14,Closed after synthetic review; no real customer data used.
CASE-0095,Small Business,Failed card payment caused an incorrect charge to appear twice.,Payment Issue,Medium,Payments Team,New,2026-03-11,7,Initial checks completed; awaiting customer response.
CASE-0096,Agent,Case is overdue and may involve a duplicate refund request.,Compliance/Fraud,High,Compliance Team,Closed,2026-03-18,3,Closed after synthetic review; no real customer data used.
CASE-0097,Small Business,General query about how to update account contact details.,General Query,Low,Customer Support,Closed,2026-03-17,14,Closed after synthetic review; no real customer data used.
CASE-0098,Agent,Missing document: customer needs to upload proof for a recent application.,Missing Documents,Low,Customer Support,Escalated,2026-06-27,14,Initial checks completed; awaiting customer response.
CASE-0099,Agent,Supporting evidence is incomplete and a required form is missing.,Missing Documents,Low,Customer Support,New,2026-03-12,14,Escalated due to SLA risk and case complexity.
CASE-0100,Public Body,Agent asks whether a letter was received and how to provide an attachment.,Missing Documents,Low,Customer Support,In Progress,2026-04-09,14,Closed after synthetic validation and customer notification.
CASE-0101,Small Business,Customer asks for guidance about a deadline and available support options.,General Query,Low,Customer Support,New,2026-03-02,14,
CASE-0102,Charity,Payment issue: bank transfer reference was entered incorrectly.,Payment Issue,Medium,Payments Team,New,2026-05-28,7,Routed to specialist team for review.
CASE-0103,Charity,Agent asks whether a letter was received and how to provide an attachment.,Missing Documents,Low,Customer Support,Closed,2026-03-29,14,Closed after synthetic review; no real customer data used.
CASE-0104,Small Business,Customer provided documents but one attachment cannot be opened.,Missing Documents,Low,Customer Support,New,2026-04-26,14,Routed to specialist team for review.
CASE-0105,Public Body,Supporting evidence is incomplete and a required form is missing.,Missing Documents,Low,Customer Support,Escalated,2026-06-25,14,
CASE-0106,Small Business,General question about service hours and expected response times.,General Query,Low,Customer Support,Escalated,2026-04-04,14,Closed after synthetic validation and customer notification.
CASE-0107,Agent,Agent asks whether a letter was received and how to provide an attachment.,Missing Documents,Low,Customer Support,New,2026-05-06,14,Closed after synthetic validation and customer notification.
CASE-0108,Agent,Customer provided documents but one attachment cannot be opened.,Missing Documents,Low,Customer Support,Escalated,2026-05-21,14,
CASE-0109,Charity,Urgent legal concern about suspicious changes to a submitted case.,Compliance/Fraud,High,Compliance Team,Escalated,2026-05-22,3,
CASE-0110,Charity,General query about how to update account contact details.,General Query,Low,Customer Support,New,2026-04-21,14,Initial checks completed; awaiting customer response.
CASE-0111,Public Body,Urgent compliance case: legal review requested for a suspicious claim.,Compliance/Fraud,High,Compliance Team,In Progress,2026-04-13,3,Initial checks completed; awaiting customer response.
CASE-0112,Public Body,Customer reports a refund delay after an overpayment adjustment.,Refund,Medium,Refunds Team,In Progress,2026-05-23,7,Initial checks completed; awaiting customer response.
CASE-0113,Charity,Customer provided documents but one attachment cannot be opened.,Missing Documents,Low,Customer Support,In Progress,2026-04-08,14,Initial checks completed; awaiting customer response.
CASE-0114,Small Business,Case is overdue and may involve a duplicate refund request.,Compliance/Fraud,High,Compliance Team,In Progress,2026-04-26,3,Escalated due to SLA risk and case complexity.
CASE-0115,Public Body,"Payment failed during online checkout, but the balance still appears due.",Payment Issue,Medium,Payments Team,In Progress,2026-05-25,7,Closed after synthetic validation and customer notification.
CASE-0116,Small Business,Customer asks for guidance about a deadline and available support options.,General Query,Low,Customer Support,Closed,2026-06-19,14,Closed after synthetic review; no real customer data used.
CASE-0117,Small Business,General query about how to update account contact details.,General Query,Low,Customer Support,Closed,2026-06-02,14,Closed after synthetic review; no real customer data used.
CASE-0118,Public Body,Customer reports a refund delay after an overpayment adjustment.,Refund,Medium,Refunds Team,New,2026-06-25,7,Initial checks completed; awaiting customer response.
CASE-0119,Public Body,"Payment failed during online checkout, but the balance still appears due.",Payment Issue,Medium,Payments Team,In Progress,2026-05-03,7,Closed after synthetic validation and customer notification.
CASE-0120,Charity,Case is overdue and may involve a duplicate refund request.,Compliance/Fraud,High,Compliance Team,Escalated,2026-03-31,3,Initial checks completed; awaiting customer response.
CASE-0121,Individual,Missing document: customer needs to upload proof for a recent application.,Missing Documents,Low,Customer Support,Escalated,2026-06-12,14,
CASE-0122,Public Body,Refund delay after a repayment calculation was corrected.,Refund,Medium,Refunds Team,New,2026-06-02,7,Closed after synthetic validation and customer notification.
CASE-0123,Individual,Compliance review requested because the claim may contain a false declaration.,Compliance/Fraud,High,Compliance Team,In Progress,2026-06-24,3,Escalated due to SLA risk and case complexity.
CASE-0124,Public Body,Compliance review requested because the claim may contain a false declaration.,Compliance/Fraud,High,Compliance Team,Closed,2026-06-13,3,Closed after synthetic review; no real customer data used.
CASE-0125,Charity,General question about service hours and expected response times.,General Query,Low,Customer Support,In Progress,2026-04-15,14,Escalated due to SLA risk and case complexity.
CASE-0126,Charity,Customer provided documents but one attachment cannot be opened.,Missing Documents,Low,Customer Support,Escalated,2026-03-18,14,Routed to specialist team for review.
CASE-0127,Charity,General question about service hours and expected response times.,General Query,Low,Customer Support,Closed,2026-05-04,14,Closed after synthetic review; no real customer data used.
CASE-0128,Agent,Compliance review requested because the claim may contain a false declaration.,Compliance/Fraud,High,Compliance Team,Closed,2026-05-28,3,Closed after synthetic review; no real customer data used.
CASE-0129,Charity,Urgent legal concern about suspicious changes to a submitted case.,Compliance/Fraud,High,Compliance Team,In Progress,2026-04-29,3,
CASE-0130,Agent,"Payment failed during online checkout, but the balance still appears due.",Payment Issue,Medium,Payments Team,In Progress,2026-03-31,7,
CASE-0131,Small Business,Customer asks for guidance about a deadline and available support options.,General Query,Low,Customer Support,In Progress,2026-03-08,14,
CASE-0132,Small Business,Missing document: customer needs to upload proof for a recent application.,Missing Documents,Low,Customer Support,Escalated,2026-05-12,14,Closed after synthetic validation and customer notification.
CASE-0133,Charity,"Payment failed during online checkout, but the balance still appears due.",Payment Issue,Medium,Payments Team,In Progress,2026-05-08,7,Routed to specialist team for review.
CASE-0134,Charity,Refund delay after a repayment calculation was corrected.,Refund,Medium,Refunds Team,New,2026-06-23,7,Initial checks completed; awaiting customer response.
CASE-0135,Public Body,Payment issue: bank transfer reference was entered incorrectly.,Payment Issue,Medium,Payments Team,New,2026-04-02,7,Escalated due to SLA risk and case complexity.
CASE-0136,Agent,Failed card payment caused an incorrect charge to appear twice.,Payment Issue,Medium,Payments Team,New,2026-04-30,7,
CASE-0137,Charity,Failed card payment caused an incorrect charge to appear twice.,Payment Issue,Medium,Payments Team,Closed,2026-03-13,7,Closed after synthetic review; no real customer data used.
CASE-0138,Public Body,General question about service hours and expected response times.,General Query,Low,Customer Support,Escalated,2026-03-27,14,Escalated due to SLA risk and case complexity.
CASE-0139,Charity,Missing document: customer needs to upload proof for a recent application.,Missing Documents,Low,Customer Support,New,2026-04-29,14,Initial checks completed; awaiting customer response.
CASE-0140,Charity,Customer reports a refund delay after an overpayment adjustment.,Refund,Medium,Refunds Team,In Progress,2026-05-12,7,Closed after synthetic validation and customer notification.
CASE-0141,Public Body,Urgent compliance case: legal review requested for a suspicious claim.,Compliance/Fraud,High,Compliance Team,In Progress,2026-03-15,3,
CASE-0142,Public Body,General question about service hours and expected response times.,General Query,Low,Customer Support,Closed,2026-06-27,14,Closed after synthetic review; no real customer data used.
CASE-0143,Charity,Payment issue: bank transfer reference was entered incorrectly.,Payment Issue,Medium,Payments Team,New,2026-04-07,7,Closed after synthetic validation and customer notification.
CASE-0144,Agent,Possible duplicate claim submitted with suspicious supporting details.,Compliance/Fraud,High,Compliance Team,In Progress,2026-03-12,3,
CASE-0145,Agent,Failed card payment caused an incorrect charge to appear twice.,Payment Issue,Medium,Payments Team,New,2026-05-20,7,
CASE-0146,Charity,Failed card payment caused an incorrect charge to appear twice.,Payment Issue,Medium,Payments Team,Closed,2026-05-26,7,Closed after synthetic review; no real customer data used.
CASE-0147,Public Body,Supporting evidence is incomplete and a required form is missing.,Missing Documents,Low,Customer Support,New,2026-03-16,14,
CASE-0148,Individual,A refund appears to have been approved but has not reached the account.,Refund,Medium,Refunds Team,New,2026-05-17,7,
CASE-0149,Public Body,Customer reports a refund delay after an overpayment adjustment.,Refund,Medium,Refunds Team,New,2026-05-30,7,
CASE-0150,Individual,Possible duplicate claim submitted with suspicious supporting details.,Compliance/Fraud,High,Compliance Team,New,2026-05-31,3,Closed after synthetic validation and customer notification.
CASE-0151,Agent,Payment issue: bank transfer reference was entered incorrectly.,Payment Issue,Medium,Payments Team,In Progress,2026-06-03,7,
CASE-0152,Individual,Urgent compliance case: legal review requested for a suspicious claim.,Compliance/Fraud,High,Compliance Team,In Progress,2026-04-14,3,Closed after synthetic validation and customer notification.
CASE-0153,Agent,Urgent compliance case: legal review requested for a suspicious claim.,Compliance/Fraud,High,Compliance Team,New,2026-05-22,3,
CASE-0154,Charity,Payment issue: bank transfer reference was entered incorrectly.,Payment Issue,Medium,Payments Team,Closed,2026-04-05,7,Closed after synthetic review; no real customer data used.
CASE-0155,Public Body,Failed card payment caused an incorrect charge to appear twice.,Payment Issue,Medium,Payments Team,Escalated,2026-03-02,7,
CASE-0156,Public Body,Missing document: customer needs to upload proof for a recent application.,Missing Documents,Low,Customer Support,Escalated,2026-06-17,14,
CASE-0157,Individual,Direct debit was declined and the customer needs the payment issue reviewed.,Payment Issue,Medium,Payments Team,Closed,2026-03-21,7,Closed after synthetic review; no real customer data used.
CASE-0158,Individual,Agent asks whether a letter was received and how to provide an attachment.,Missing Documents,Low,Customer Support,In Progress,2026-04-23,14,
CASE-0159,Charity,Urgent legal concern about suspicious changes to a submitted case.,Compliance/Fraud,High,Compliance Team,In Progress,2026-04-09,3,Escalated due to SLA risk and case complexity.
CASE-0160,Charity,Customer cannot find the upload link for requested evidence.,Missing Documents,Low,Customer Support,In Progress,2026-06-17,14,
CASE-0161,Agent,Possible duplicate claim submitted with suspicious supporting details.,Compliance/Fraud,High,Compliance Team,New,2026-05-06,3,Routed to specialist team for review.
CASE-0162,Charity,Customer provided documents but one attachment cannot be opened.,Missing Documents,Low,Customer Support,Closed,2026-03-19,14,Closed after synthetic review; no real customer data used.
CASE-0163,Public Body,Compliance review requested because the claim may contain a false declaration.,Compliance/Fraud,High,Compliance Team,Closed,2026-05-06,3,Closed after synthetic review; no real customer data used.
CASE-0164,Individual,Supporting evidence is incomplete and a required form is missing.,Missing Documents,Low,Customer Support,Closed,2026-05-20,14,Closed after synthetic review; no real customer data used.
CASE-0165,Charity,Supporting evidence is incomplete and a required form is missing.,Missing Documents,Low,Customer Support,In Progress,2026-03-10,14,Escalated due to SLA risk and case complexity.
CASE-0166,Individual,Payment issue: bank transfer reference was entered incorrectly.,Payment Issue,Medium,Payments Team,Escalated,2026-04-13,7,
CASE-0167,Small Business,Customer cannot find the upload link for requested evidence.,Missing Documents,Low,Customer Support,In Progress,2026-03-14,14,Initial checks completed; awaiting customer response.
CASE-0168,Public Body,Agent asks whether a letter was received and how to provide an attachment.,Missing Documents,Low,Customer Support,New,2026-03-20,14,
CASE-0169,Individual,Supporting evidence is incomplete and a required form is missing.,Missing Documents,Low,Customer Support,New,2026-04-20,14,
CASE-0170,Small Business,Missing document: customer needs to upload proof for a recent application.,Missing Documents,Low,Customer Support,In Progress,2026-03-30,14,Routed to specialist team for review.
CASE-0171,Individual,Customer cannot find the upload link for requested evidence.,Missing Documents,Low,Customer Support,Escalated,2026-04-09,14,Initial checks completed; awaiting customer response.
CASE-0172,Small Business,"Payment failed during online checkout, but the balance still appears due.",Payment Issue,Medium,Payments Team,New,2026-05-24,7,Closed after synthetic validation and customer notification.
CASE-0173,Public Body,General query about how to update account contact details.,General Query,Low,Customer Support,In Progress,2026-04-07,14,Initial checks completed; awaiting customer response.
CASE-0174,Public Body,Urgent legal concern about suspicious changes to a submitted case.,Compliance/Fraud,High,Compliance Team,In Progress,2026-05-17,3,Closed after synthetic validation and customer notification.
CASE-0175,Agent,Customer asks for guidance about a deadline and available support options.,General Query,Low,Customer Support,Escalated,2026-05-16,14,
CASE-0176,Agent,Supporting evidence is incomplete and a required form is missing.,Missing Documents,Low,Customer Support,New,2026-06-01,14,
CASE-0177,Small Business,Direct debit was declined and the customer needs the payment issue reviewed.,Payment Issue,Medium,Payments Team,In Progress,2026-03-27,7,Escalated due to SLA risk and case complexity.
CASE-0178,Public Body,Case is overdue and may involve a duplicate refund request.,Compliance/Fraud,High,Compliance Team,Escalated,2026-06-03,3,
CASE-0179,Small Business,Urgent legal concern about suspicious changes to a submitted case.,Compliance/Fraud,High,Compliance Team,In Progress,2026-04-15,3,
CASE-0180,Individual,General query about how to update account contact details.,General Query,Low,Customer Support,In Progress,2026-06-01,14,
CASE-0181,Public Body,General question about service hours and expected response times.,General Query,Low,Customer Support,New,2026-06-14,14,
CASE-0182,Charity,General query about how to update account contact details.,General Query,Low,Customer Support,Closed,2026-04-02,14,Closed after synthetic review; no real customer data used.
CASE-0183,Charity,Direct debit was declined and the customer needs the payment issue reviewed.,Payment Issue,Medium,Payments Team,New,2026-03-11,7,
CASE-0184,Agent,Customer cannot find the upload link for requested evidence.,Missing Documents,Low,Customer Support,In Progress,2026-05-05,14,
CASE-0185,Charity,Customer cannot find the upload link for requested evidence.,Missing Documents,Low,Customer Support,Closed,2026-06-16,14,Closed after synthetic review; no real customer data used.
CASE-0186,Individual,Customer cannot find the upload link for requested evidence.,Missing Documents,Low,Customer Support,In Progress,2026-06-21,14,Closed after synthetic validation and customer notification.
CASE-0187,Agent,Possible duplicate claim submitted with suspicious supporting details.,Compliance/Fraud,High,Compliance Team,Closed,2026-06-11,3,Closed after synthetic review; no real customer data used.
CASE-0188,Charity,"Payment failed during online checkout, but the balance still appears due.",Payment Issue,Medium,Payments Team,New,2026-05-30,7,Escalated due to SLA risk and case complexity.
CASE-0189,Small Business,Customer provided documents but one attachment cannot be opened.,Missing Documents,Low,Customer Support,Closed,2026-04-15,14,Closed after synthetic review; no real customer data used.
CASE-0190,Agent,Urgent legal concern about suspicious changes to a submitted case.,Compliance/Fraud,High,Compliance Team,In Progress,2026-05-13,3,Initial checks completed; awaiting customer response.
CASE-0191,Individual,Payment issue: bank transfer reference was entered incorrectly.,Payment Issue,Medium,Payments Team,In Progress,2026-05-07,7,Routed to specialist team for review.
CASE-0192,Small Business,Customer provided documents but one attachment cannot be opened.,Missing Documents,Low,Customer Support,New,2026-03-28,14,Escalated due to SLA risk and case complexity.
CASE-0193,Small Business,Case is overdue and may involve a duplicate refund request.,Compliance/Fraud,High,Compliance Team,Escalated,2026-05-28,3,
CASE-0194,Charity,Urgent compliance case: legal review requested for a suspicious claim.,Compliance/Fraud,High,Compliance Team,New,2026-04-21,3,
CASE-0195,Individual,Compliance review requested because the claim may contain a false declaration.,Compliance/Fraud,High,Compliance Team,In Progress,2026-04-03,3,
CASE-0196,Charity,Missing document: customer needs to upload proof for a recent application.,Missing Documents,Low,Customer Support,Escalated,2026-05-25,14,Closed after synthetic validation and customer notification.
CASE-0197,Public Body,"Payment failed during online checkout, but the balance still appears due.",Payment Issue,Medium,Payments Team,New,2026-04-04,7,
CASE-0198,Small Business,Case is overdue and may involve a duplicate refund request.,Compliance/Fraud,High,Compliance Team,New,2026-05-07,3,
CASE-0199,Small Business,Supporting evidence is incomplete and a required form is missing.,Missing Documents,Low,Customer Support,New,2026-03-17,14,
CASE-0200,Agent,General query about how to update account contact details.,General Query,Low,Customer Support,Escalated,2026-04-15,14,Routed to specialist team for review.
CASE-0201,Charity,Compliance review requested because the claim may contain a false declaration.,Compliance/Fraud,High,Compliance Team,In Progress,2026-06-15,3,
CASE-0202,Individual,Supporting evidence is incomplete and a required form is missing.,Missing Documents,Low,Customer Support,In Progress,2026-04-27,14,Initial checks completed; awaiting customer response.
CASE-0203,Agent,Customer provided documents but one attachment cannot be opened.,Missing Documents,Low,Customer Support,Closed,2026-06-25,14,Closed after synthetic review; no real customer data used.
CASE-0204,Public Body,Customer provided documents but one attachment cannot be opened.,Missing Documents,Low,Customer Support,New,2026-05-29,14,
CASE-0205,Agent,Payment issue: bank transfer reference was entered incorrectly.,Payment Issue,Medium,Payments Team,Closed,2026-06-28,7,Closed after synthetic review; no real customer data used.
CASE-0206,Small Business,Payment issue: bank transfer reference was entered incorrectly.,Payment Issue,Medium,Payments Team,Closed,2026-06-25,7,Closed after synthetic review; no real customer data used.
CASE-0207,Small Business,Customer cannot find the upload link for requested evidence.,Missing Documents,Low,Customer Support,Escalated,2026-04-25,14,
CASE-0208,Individual,Payment issue: bank transfer reference was entered incorrectly.,Payment Issue,Medium,Payments Team,Escalated,2026-05-06,7,Initial checks completed; awaiting customer response.
CASE-0209,Individual,Customer cannot find the upload link for requested evidence.,Missing Documents,Low,Customer Support,In Progress,2026-05-17,14,
CASE-0210,Agent,Urgent compliance case: legal review requested for a suspicious claim.,Compliance/Fraud,High,Compliance Team,In Progress,2026-05-19,3,Initial checks completed; awaiting customer response.
CASE-0211,Individual,Failed card payment caused an incorrect charge to appear twice.,Payment Issue,Medium,Payments Team,Closed,2026-03-18,7,Closed after synthetic review; no real customer data used.
CASE-0212,Individual,Compliance review requested because the claim may contain a false declaration.,Compliance/Fraud,High,Compliance Team,In Progress,2026-06-19,3,
CASE-0213,Public Body,Failed card payment caused an incorrect charge to appear twice.,Payment Issue,Medium,Payments Team,In Progress,2026-03-12,7,
CASE-0214,Agent,Compliance review requested because the claim may contain a false declaration.,Compliance/Fraud,High,Compliance Team,New,2026-05-09,3,Routed to specialist team for review.
CASE-0215,Individual,Customer provided documents but one attachment cannot be opened.,Missing Documents,Low,Customer Support,In Progress,2026-03-26,14,Initial checks completed; awaiting customer response.
CASE-0216,Charity,Case is overdue and may involve a duplicate refund request.,Compliance/Fraud,High,Compliance Team,In Progress,2026-05-27,3,
CASE-0217,Public Body,Customer cannot find the upload link for requested evidence.,Missing Documents,Low,Customer Support,New,2026-06-15,14,Closed after synthetic validation and customer notification.
CASE-0218,Individual,Missing document: customer needs to upload proof for a recent application.,Missing Documents,Low,Customer Support,New,2026-04-01,14,Routed to specialist team for review.
CASE-0219,Individual,General question about service hours and expected response times.,General Query,Low,Customer Support,New,2026-05-09,14,Escalated due to SLA risk and case complexity.
CASE-0220,Charity,Compliance review requested because the claim may contain a false declaration.,Compliance/Fraud,High,Compliance Team,Escalated,2026-06-15,3,
